algo,mdp,run,rho_hat
RVIQL,ring,0,1.0
RVIQL,ring,1,1.0
RVIQL,ring,2,1.0
RVIQL,ring,3,1.0
RVIQL,ring,4,1.0
RVIQL,ring,5,1.0
RVIQL,ring,6,1.0
RVIQL,ring,7,1.0
RVIQL,ring,8,1.0
RVIQL,ring,9,1.0
RVIQL,ring,10,1.0
RVIQL,ring,11,1.0
RVIQL,ring,12,1.0
RVIQL,ring,13,1.0
RVIQL,ring,14,1.0
RVIQL,ring,15,1.0
RVIQL,ring,16,1.0
RVIQL,ring,17,1.0
RVIQL,ring,18,1.0
RVIQL,ring,19,1.0
RVIQL,ring,20,1.0
RVIQL,ring,21,1.0
RVIQL,ring,22,1.0
RVIQL,ring,23,1.0
RVIQL,ring,24,1.0
RVIQL,ring,25,1.0
RVIQL,ring,26,1.0
RVIQL,ring,27,1.0
RVIQL,ring,28,1.0
RVIQL,ring,29,1.0
RVIQL,ring,30,1.0
RVIQL,ring,31,1.0
RVIQL,ring,32,1.0
RVIQL,ring,33,1.0
RVIQL,ring,34,1.0
RVIQL,ring,35,1.0
RVIQL,ring,36,1.0
RVIQL,ring,37,1.0
RVIQL,ring,38,1.0
RVIQL,ring,39,1.0
RVIQL,ring,40,1.0
RVIQL,ring,41,1.0
RVIQL,ring,42,1.0
RVIQL,ring,43,1.0
RVIQL,ring,44,1.0
RVIQL,ring,45,1.0
RVIQL,ring,46,1.0
RVIQL,ring,47,1.0
RVIQL,ring,48,1.0
RVIQL,ring,49,1.0
RVIQL,ring,50,1.0
RVIQL,ring,51,1.0
RVIQL,ring,52,1.0
RVIQL,ring,53,1.0
RVIQL,ring,54,1.0
RVIQL,ring,55,1.0
RVIQL,ring,56,1.0
RVIQL,ring,57,1.0
RVIQL,ring,58,1.0
RVIQL,ring,59,1.0
RVIQL,ring,60,1.0
RVIQL,ring,61,1.0
RVIQL,ring,62,1.0
RVIQL,ring,63,1.0
RVIQL,ring,64,1.0
RVIQL,ring,65,1.0
RVIQL,ring,66,1.0
RVIQL,ring,67,1.0
RVIQL,ring,68,1.0
RVIQL,ring,69,1.0
RVIQL,ring,70,1.0
RVIQL,ring,71,1.0
RVIQL,ring,72,1.0
RVIQL,ring,73,1.0
RVIQL,ring,74,1.0
RVIQL,ring,75,1.0
RVIQL,ring,76,1.0
RVIQL,ring,77,1.0
RVIQL,ring,78,1.0
RVIQL,ring,79,1.0
RVIQL,ring,80,1.0
RVIQL,ring,81,1.0
RVIQL,ring,82,1.0
RVIQL,ring,83,1.0
RVIQL,ring,84,1.0
RVIQL,ring,85,1.0
RVIQL,ring,86,1.0
RVIQL,ring,87,1.0
RVIQL,ring,88,1.0
RVIQL,ring,89,1.0
RVIQL,ring,90,1.0
RVIQL,ring,91,1.0
RVIQL,ring,92,1.0
RVIQL,ring,93,1.0
RVIQL,ring,94,1.0
RVIQL,ring,95,1.0
RVIQL,ring,96,1.0
RVIQL,ring,97,1.0
RVIQL,ring,98,1.0
RVIQL,ring,99,1.0
RVIQL,ring,100,1.0
RVIQL,ring,101,1.0
RVIQL,ring,102,1.0
RVIQL,ring,103,1.0
RVIQL,ring,104,1.0
RVIQL,ring,105,1.0
RVIQL,ring,106,1.0
RVIQL,ring,107,1.0
RVIQL,ring,108,1.0
RVIQL,ring,109,1.0
RVIQL,ring,110,1.0
RVIQL,ring,111,1.0
RVIQL,ring,112,1.0
RVIQL,ring,113,1.0
RVIQL,ring,114,1.0
RVIQL,ring,115,1.0
RVIQL,ring,116,1.0
RVIQL,ring,117,1.0
RVIQL,ring,118,1.0
RVIQL,ring,119,1.0
RVIQL,ring,120,1.0
RVIQL,ring,121,1.0
RVIQL,ring,122,1.0
RVIQL,ring,123,1.0
RVIQL,ring,124,1.0
RVIQL,ring,125,1.0
RVIQL,ring,126,1.0
RVIQL,ring,127,1.0
RVIQL,ring,128,1.0
RVIQL,ring,129,1.0
RVIQL,ring,130,1.0
RVIQL,ring,131,1.0
RVIQL,ring,132,1.0
RVIQL,ring,133,1.0
RVIQL,ring,134,1.0
RVIQL,ring,135,1.0
RVIQL,ring,136,1.0
RVIQL,ring,137,1.0
RVIQL,ring,138,1.0
RVIQL,ring,139,1.0
RVIQL,ring,140,1.0
RVIQL,ring,141,1.0
RVIQL,ring,142,1.0
RVIQL,ring,143,1.0
RVIQL,ring,144,1.0
RVIQL,ring,145,1.0
RVIQL,ring,146,1.0
RVIQL,ring,147,1.0
RVIQL,ring,148,1.0
RVIQL,ring,149,1.0
RVIQL,ring,150,1.0
RVIQL,ring,151,1.0
RVIQL,ring,152,1.0
RVIQL,ring,153,1.0
RVIQL,ring,154,1.0
RVIQL,ring,155,1.0
RVIQL,ring,156,1.0
RVIQL,ring,157,1.0
RVIQL,ring,158,1.0
RVIQL,ring,159,1.0
RVIQL,ring,160,1.0
RVIQL,ring,161,1.0
RVIQL,ring,162,1.0
RVIQL,ring,163,1.0
RVIQL,ring,164,1.0
RVIQL,ring,165,1.0
RVIQL,ring,166,1.0
RVIQL,ring,167,1.0
RVIQL,ring,168,1.0
RVIQL,ring,169,1.0
RVIQL,ring,170,1.0
RVIQL,ring,171,1.0
RVIQL,ring,172,1.0
RVIQL,ring,173,1.0
RVIQL,ring,174,1.0
RVIQL,ring,175,1.0
RVIQL,ring,176,1.0
RVIQL,ring,177,1.0
RVIQL,ring,178,1.0
RVIQL,ring,179,1.0
RVIQL,ring,180,1.0
RVIQL,ring,181,1.0
RVIQL,ring,182,1.0
RVIQL,ring,183,1.0
RVIQL,ring,184,1.0
RVIQL,ring,185,1.0
RVIQL,ring,186,1.0
RVIQL,ring,187,1.0
RVIQL,ring,188,1.0
RVIQL,ring,189,1.0
RVIQL,ring,190,1.0
RVIQL,ring,191,1.0
RVIQL,ring,192,1.0
RVIQL,ring,193,1.0
RVIQL,ring,194,1.0
RVIQL,ring,195,1.0
RVIQL,ring,196,1.0
RVIQL,ring,197,1.0
RVIQL,ring,198,1.0
RVIQL,ring,199,1.0
RVIQL,ring,200,1.0
RVIQL,ring,201,1.0
RVIQL,ring,202,1.0
RVIQL,ring,203,1.0
RVIQL,ring,204,1.0
RVIQL,ring,205,1.0
RVIQL,ring,206,1.0
RVIQL,ring,207,1.0
RVIQL,ring,208,1.0
RVIQL,ring,209,1.0
RVIQL,ring,210,1.0
RVIQL,ring,211,1.0
RVIQL,ring,212,1.0
RVIQL,ring,213,1.0
RVIQL,ring,214,1.0
RVIQL,ring,215,1.0
RVIQL,ring,216,1.0
RVIQL,ring,217,1.0
RVIQL,ring,218,1.0
RVIQL,ring,219,1.0
RVIQL,ring,220,1.0
RVIQL,ring,221,1.0
RVIQL,ring,222,1.0
RVIQL,ring,223,1.0
RVIQL,ring,224,1.0
RVIQL,ring,225,1.0
RVIQL,ring,226,1.0
RVIQL,ring,227,1.0
RVIQL,ring,228,1.0
RVIQL,ring,229,1.0
RVIQL,ring,230,1.0
RVIQL,ring,231,1.0
RVIQL,ring,232,1.0
RVIQL,ring,233,1.0
RVIQL,ring,234,1.0
RVIQL,ring,235,1.0
RVIQL,ring,236,1.0
RVIQL,ring,237,1.0
RVIQL,ring,238,1.0
RVIQL,ring,239,1.0
RVIQL,ring,240,1.0
RVIQL,ring,241,1.0
RVIQL,ring,242,1.0
RVIQL,ring,243,1.0
RVIQL,ring,244,1.0
RVIQL,ring,245,1.0
RVIQL,ring,246,1.0
RVIQL,ring,247,1.0
RVIQL,ring,248,1.0
RVIQL,ring,249,1.0
RVIQL,ring,250,1.0
RVIQL,ring,251,1.0
RVIQL,ring,252,1.0
RVIQL,ring,253,1.0
RVIQL,ring,254,1.0
RVIQL,ring,255,1.0
RVIQL,ring,256,1.0
RVIQL,ring,257,1.0
RVIQL,ring,258,1.0
RVIQL,ring,259,1.0
RVIQL,ring,260,1.0
RVIQL,ring,261,1.0
RVIQL,ring,262,1.0
RVIQL,ring,263,1.0
RVIQL,ring,264,1.0
RVIQL,ring,265,1.0
RVIQL,ring,266,1.0
RVIQL,ring,267,1.0
RVIQL,ring,268,1.0
RVIQL,ring,269,1.0
RVIQL,ring,270,1.0
RVIQL,ring,271,1.0
RVIQL,ring,272,1.0
RVIQL,ring,273,1.0
RVIQL,ring,274,1.0
RVIQL,ring,275,1.0
RVIQL,ring,276,1.0
RVIQL,ring,277,1.0
RVIQL,ring,278,1.0
RVIQL,ring,279,1.0
RVIQL,ring,280,1.0
RVIQL,ring,281,1.0
RVIQL,ring,282,1.0
RVIQL,ring,283,1.0
RVIQL,ring,284,1.0
RVIQL,ring,285,1.0
RVIQL,ring,286,1.0
RVIQL,ring,287,1.0
RVIQL,ring,288,1.0
RVIQL,ring,289,1.0
RVIQL,ring,290,1.0
RVIQL,ring,291,1.0
RVIQL,ring,292,1.0
RVIQL,ring,293,1.0
RVIQL,ring,294,1.0
RVIQL,ring,295,1.0
RVIQL,ring,296,1.0
RVIQL,ring,297,1.0
RVIQL,ring,298,1.0
RVIQL,ring,299,1.0
RVIQL,ring,300,1.0
RVIQL,ring,301,1.0
RVIQL,ring,302,1.0
RVIQL,ring,303,1.0
RVIQL,ring,304,1.0
RVIQL,ring,305,1.0
RVIQL,ring,306,1.0
RVIQL,ring,307,1.0
RVIQL,ring,308,1.0
RVIQL,ring,309,1.0
RVIQL,ring,310,1.0
RVIQL,ring,311,1.0
RVIQL,ring,312,1.0
RVIQL,ring,313,1.0
RVIQL,ring,314,1.0
RVIQL,ring,315,1.0
RVIQL,ring,316,1.0
RVIQL,ring,317,1.0
RVIQL,ring,318,1.0
RVIQL,ring,319,1.0
RVIQL,ring,320,1.0
RVIQL,ring,321,1.0
RVIQL,ring,322,1.0
RVIQL,ring,323,1.0
RVIQL,ring,324,1.0
RVIQL,ring,325,1.0
RVIQL,ring,326,1.0
RVIQL,ring,327,1.0
RVIQL,ring,328,1.0
RVIQL,ring,329,1.0
RVIQL,ring,330,1.0
RVIQL,ring,331,1.0
RVIQL,ring,332,1.0
RVIQL,ring,333,1.0
RVIQL,ring,334,1.0
RVIQL,ring,335,1.0
RVIQL,ring,336,1.0
RVIQL,ring,337,1.0
RVIQL,ring,338,1.0
RVIQL,ring,339,1.0
RVIQL,ring,340,1.0
RVIQL,ring,341,1.0
RVIQL,ring,342,1.0
RVIQL,ring,343,1.0
RVIQL,ring,344,1.0
RVIQL,ring,345,1.0
RVIQL,ring,346,1.0
RVIQL,ring,347,1.0
RVIQL,ring,348,1.0
RVIQL,ring,349,1.0
RVIQL,ring,350,1.0
RVIQL,ring,351,1.0
RVIQL,ring,352,1.0
RVIQL,ring,353,1.0
RVIQL,ring,354,1.0
RVIQL,ring,355,1.0
RVIQL,ring,356,1.0
RVIQL,ring,357,1.0
RVIQL,ring,358,1.0
RVIQL,ring,359,1.0
RVIQL,ring,360,1.0
RVIQL,ring,361,1.0
RVIQL,ring,362,1.0
RVIQL,ring,363,1.0
RVIQL,ring,364,1.0
RVIQL,ring,365,1.0
RVIQL,ring,366,1.0
RVIQL,ring,367,1.0
RVIQL,ring,368,1.0
RVIQL,ring,369,1.0
RVIQL,ring,370,1.0
RVIQL,ring,371,1.0
RVIQL,ring,372,1.0
RVIQL,ring,373,1.0
RVIQL,ring,374,1.0
RVIQL,ring,375,1.0
RVIQL,ring,376,1.0
RVIQL,ring,377,1.0
RVIQL,ring,378,1.0
RVIQL,ring,379,1.0
RVIQL,ring,380,1.0
RVIQL,ring,381,1.0
RVIQL,ring,382,1.0
RVIQL,ring,383,1.0
RVIQL,ring,384,1.0
RVIQL,ring,385,1.0
RVIQL,ring,386,1.0
RVIQL,ring,387,1.0
RVIQL,ring,388,1.0
RVIQL,ring,389,1.0
RVIQL,ring,390,1.0
RVIQL,ring,391,1.0
RVIQL,ring,392,1.0
RVIQL,ring,393,1.0
RVIQL,ring,394,1.0
RVIQL,ring,395,1.0
RVIQL,ring,396,1.0
RVIQL,ring,397,1.0
RVIQL,ring,398,1.0
RVIQL,ring,399,1.0
RVIQL,ring,400,1.0
RVIQL,ring,401,1.0
RVIQL,ring,402,1.0
RVIQL,ring,403,1.0
RVIQL,ring,404,1.0
RVIQL,ring,405,1.0
RVIQL,ring,406,1.0
RVIQL,ring,407,1.0
RVIQL,ring,408,1.0
RVIQL,ring,409,1.0
RVIQL,ring,410,1.0
RVIQL,ring,411,1.0
RVIQL,ring,412,1.0
RVIQL,ring,413,1.0
RVIQL,ring,414,1.0
RVIQL,ring,415,1.0
RVIQL,ring,416,1.0
RVIQL,ring,417,1.0
RVIQL,ring,418,1.0
RVIQL,ring,419,1.0
RVIQL,ring,420,1.0
RVIQL,ring,421,1.0
RVIQL,ring,422,1.0
RVIQL,ring,423,1.0
RVIQL,ring,424,1.0
RVIQL,ring,425,1.0
RVIQL,ring,426,1.0
RVIQL,ring,427,1.0
RVIQL,ring,428,1.0
RVIQL,ring,429,1.0
RVIQL,ring,430,1.0
RVIQL,ring,431,1.0
RVIQL,ring,432,1.0
RVIQL,ring,433,1.0
RVIQL,ring,434,1.0
RVIQL,ring,435,1.0
RVIQL,ring,436,1.0
RVIQL,ring,437,1.0
RVIQL,ring,438,1.0
RVIQL,ring,439,1.0
RVIQL,ring,440,1.0
RVIQL,ring,441,1.0
RVIQL,ring,442,1.0
RVIQL,ring,443,1.0
RVIQL,ring,444,1.0
RVIQL,ring,445,1.0
RVIQL,ring,446,1.0
RVIQL,ring,447,1.0
RVIQL,ring,448,1.0
RVIQL,ring,449,1.0
RVIQL,ring,450,1.0
RVIQL,ring,451,1.0
RVIQL,ring,452,1.0
RVIQL,ring,453,1.0
RVIQL,ring,454,1.0
RVIQL,ring,455,1.0
RVIQL,ring,456,1.0
RVIQL,ring,457,1.0
RVIQL,ring,458,1.0
RVIQL,ring,459,1.0
RVIQL,ring,460,1.0
RVIQL,ring,461,1.0
RVIQL,ring,462,1.0
RVIQL,ring,463,1.0
RVIQL,ring,464,1.0
RVIQL,ring,465,1.0
RVIQL,ring,466,1.0
RVIQL,ring,467,1.0
RVIQL,ring,468,1.0
RVIQL,ring,469,1.0
RVIQL,ring,470,1.0
RVIQL,ring,471,1.0
RVIQL,ring,472,1.0
RVIQL,ring,473,1.0
RVIQL,ring,474,1.0
RVIQL,ring,475,1.0
RVIQL,ring,476,1.0
RVIQL,ring,477,1.0
RVIQL,ring,478,1.0
RVIQL,ring,479,1.0
RVIQL,ring,480,1.0
RVIQL,ring,481,1.0
RVIQL,ring,482,1.0
RVIQL,ring,483,1.0
RVIQL,ring,484,1.0
RVIQL,ring,485,1.0
RVIQL,ring,486,1.0
RVIQL,ring,487,1.0
RVIQL,ring,488,1.0
RVIQL,ring,489,1.0
RVIQL,ring,490,1.0
RVIQL,ring,491,1.0
RVIQL,ring,492,1.0
RVIQL,ring,493,1.0
RVIQL,ring,494,1.0
RVIQL,ring,495,1.0
RVIQL,ring,496,1.0
RVIQL,ring,497,1.0
RVIQL,ring,498,1.0
RVIQL,ring,499,1.0
RVIQL,ring,500,1.0
RVIQL,ring,501,1.0
RVIQL,ring,502,1.0
RVIQL,ring,503,1.0
RVIQL,ring,504,1.0
RVIQL,ring,505,1.0
RVIQL,ring,506,1.0
RVIQL,ring,507,1.0
RVIQL,ring,508,1.0
RVIQL,ring,509,1.0
RVIQL,ring,510,1.0
RVIQL,ring,511,1.0
RVIQL,ring,512,1.0
RVIQL,ring,513,1.0
RVIQL,ring,514,1.0
RVIQL,ring,515,1.0
RVIQL,ring,516,1.0
RVIQL,ring,517,1.0
RVIQL,ring,518,1.0
RVIQL,ring,519,1.0
RVIQL,ring,520,1.0
RVIQL,ring,521,1.0
RVIQL,ring,522,1.0
RVIQL,ring,523,1.0
RVIQL,ring,524,1.0
RVIQL,ring,525,1.0
RVIQL,ring,526,1.0
RVIQL,ring,527,1.0
RVIQL,ring,528,1.0
RVIQL,ring,529,1.0
RVIQL,ring,530,1.0
RVIQL,ring,531,1.0
RVIQL,ring,532,1.0
RVIQL,ring,533,1.0
RVIQL,ring,534,1.0
RVIQL,ring,535,1.0
RVIQL,ring,536,1.0
RVIQL,ring,537,1.0
RVIQL,ring,538,1.0
RVIQL,ring,539,1.0
RVIQL,ring,540,1.0
RVIQL,ring,541,1.0
RVIQL,ring,542,1.0
RVIQL,ring,543,1.0
RVIQL,ring,544,1.0
RVIQL,ring,545,1.0
RVIQL,ring,546,1.0
RVIQL,ring,547,1.0
RVIQL,ring,548,1.0
RVIQL,ring,549,1.0
RVIQL,ring,550,1.0
RVIQL,ring,551,1.0
RVIQL,ring,552,1.0
RVIQL,ring,553,1.0
RVIQL,ring,554,1.0
RVIQL,ring,555,1.0
RVIQL,ring,556,1.0
RVIQL,ring,557,1.0
RVIQL,ring,558,1.0
RVIQL,ring,559,1.0
RVIQL,ring,560,1.0
RVIQL,ring,561,1.0
RVIQL,ring,562,1.0
RVIQL,ring,563,1.0
RVIQL,ring,564,1.0
RVIQL,ring,565,1.0
RVIQL,ring,566,1.0
RVIQL,ring,567,1.0
RVIQL,ring,568,1.0
RVIQL,ring,569,1.0
RVIQL,ring,570,1.0
RVIQL,ring,571,1.0
RVIQL,ring,572,1.0
RVIQL,ring,573,1.0
RVIQL,ring,574,1.0
RVIQL,ring,575,1.0
RVIQL,ring,576,1.0
RVIQL,ring,577,1.0
RVIQL,ring,578,1.0
RVIQL,ring,579,1.0
RVIQL,ring,580,1.0
RVIQL,ring,581,1.0
RVIQL,ring,582,1.0
RVIQL,ring,583,1.0
RVIQL,ring,584,1.0
RVIQL,ring,585,1.0
RVIQL,ring,586,1.0
RVIQL,ring,587,1.0
RVIQL,ring,588,1.0
RVIQL,ring,589,1.0
RVIQL,ring,590,1.0
RVIQL,ring,591,1.0
RVIQL,ring,592,1.0
RVIQL,ring,593,1.0
RVIQL,ring,594,1.0
RVIQL,ring,595,1.0
RVIQL,ring,596,1.0
RVIQL,ring,597,1.0
RVIQL,ring,598,1.0
RVIQL,ring,599,1.0
RVIQL,ring,600,1.0
RVIQL,ring,601,1.0
RVIQL,ring,602,1.0
RVIQL,ring,603,1.0
RVIQL,ring,604,1.0
RVIQL,ring,605,1.0
RVIQL,ring,606,1.0
RVIQL,ring,607,1.0
RVIQL,ring,608,1.0
RVIQL,ring,609,1.0
RVIQL,ring,610,1.0
RVIQL,ring,611,1.0
RVIQL,ring,612,1.0
RVIQL,ring,613,1.0
RVIQL,ring,614,1.0
RVIQL,ring,615,1.0
RVIQL,ring,616,1.0
RVIQL,ring,617,1.0
RVIQL,ring,618,1.0
RVIQL,ring,619,1.0
RVIQL,ring,620,1.0
RVIQL,ring,621,1.0
RVIQL,ring,622,1.0
RVIQL,ring,623,1.0
RVIQL,ring,624,1.0
RVIQL,ring,625,1.0
RVIQL,ring,626,1.0
RVIQL,ring,627,1.0
RVIQL,ring,628,1.0
RVIQL,ring,629,1.0
RVIQL,ring,630,1.0
RVIQL,ring,631,1.0
RVIQL,ring,632,1.0
RVIQL,ring,633,1.0
RVIQL,ring,634,1.0
RVIQL,ring,635,1.0
RVIQL,ring,636,1.0
RVIQL,ring,637,1.0
RVIQL,ring,638,1.0
RVIQL,ring,639,1.0
RVIQL,ring,640,1.0
RVIQL,ring,641,1.0
RVIQL,ring,642,1.0
RVIQL,ring,643,1.0
RVIQL,ring,644,1.0
RVIQL,ring,645,1.0
RVIQL,ring,646,1.0
RVIQL,ring,647,1.0
RVIQL,ring,648,1.0
RVIQL,ring,649,1.0
RVIQL,ring,650,1.0
RVIQL,ring,651,1.0
RVIQL,ring,652,1.0
RVIQL,ring,653,1.0
RVIQL,ring,654,1.0
RVIQL,ring,655,1.0
RVIQL,ring,656,1.0
RVIQL,ring,657,1.0
RVIQL,ring,658,1.0
RVIQL,ring,659,1.0
RVIQL,ring,660,1.0
RVIQL,ring,661,1.0
RVIQL,ring,662,1.0
RVIQL,ring,663,1.0
RVIQL,ring,664,1.0
RVIQL,ring,665,1.0
RVIQL,ring,666,1.0
RVIQL,ring,667,1.0
RVIQL,ring,668,1.0
RVIQL,ring,669,1.0
RVIQL,ring,670,1.0
RVIQL,ring,671,1.0
RVIQL,ring,672,1.0
RVIQL,ring,673,1.0
RVIQL,ring,674,1.0
RVIQL,ring,675,1.0
RVIQL,ring,676,1.0
RVIQL,ring,677,1.0
RVIQL,ring,678,1.0
RVIQL,ring,679,1.0
RVIQL,ring,680,1.0
RVIQL,ring,681,1.0
RVIQL,ring,682,1.0
RVIQL,ring,683,1.0
RVIQL,ring,684,1.0
RVIQL,ring,685,1.0
RVIQL,ring,686,1.0
RVIQL,ring,687,1.0
RVIQL,ring,688,1.0
RVIQL,ring,689,1.0
RVIQL,ring,690,1.0
RVIQL,ring,691,1.0
RVIQL,ring,692,1.0
RVIQL,ring,693,1.0
RVIQL,ring,694,1.0
RVIQL,ring,695,1.0
RVIQL,ring,696,1.0
RVIQL,ring,697,1.0
RVIQL,ring,698,1.0
RVIQL,ring,699,1.0
RVIQL,ring,700,1.0
RVIQL,ring,701,1.0
RVIQL,ring,702,1.0
RVIQL,ring,703,1.0
RVIQL,ring,704,1.0
RVIQL,ring,705,1.0
RVIQL,ring,706,1.0
RVIQL,ring,707,1.0
RVIQL,ring,708,1.0
RVIQL,ring,709,1.0
RVIQL,ring,710,1.0
RVIQL,ring,711,1.0
RVIQL,ring,712,1.0
RVIQL,ring,713,1.0
RVIQL,ring,714,1.0
RVIQL,ring,715,1.0
RVIQL,ring,716,1.0
RVIQL,ring,717,1.0
RVIQL,ring,718,1.0
RVIQL,ring,719,1.0
RVIQL,ring,720,1.0
RVIQL,ring,721,1.0
RVIQL,ring,722,1.0
RVIQL,ring,723,1.0
RVIQL,ring,724,1.0
RVIQL,ring,725,1.0
RVIQL,ring,726,1.0
RVIQL,ring,727,1.0
RVIQL,ring,728,1.0
RVIQL,ring,729,1.0
RVIQL,ring,730,1.0
RVIQL,ring,731,1.0
RVIQL,ring,732,1.0
RVIQL,ring,733,1.0
RVIQL,ring,734,1.0
RVIQL,ring,735,1.0
RVIQL,ring,736,1.0
RVIQL,ring,737,1.0
RVIQL,ring,738,1.0
RVIQL,ring,739,1.0
RVIQL,ring,740,1.0
RVIQL,ring,741,1.0
RVIQL,ring,742,1.0
RVIQL,ring,743,1.0
RVIQL,ring,744,1.0
RVIQL,ring,745,1.0
RVIQL,ring,746,1.0
RVIQL,ring,747,1.0
RVIQL,ring,748,1.0
RVIQL,ring,749,1.0
RVIQL,ring,750,1.0
RVIQL,ring,751,1.0
RVIQL,ring,752,1.0
RVIQL,ring,753,1.0
RVIQL,ring,754,1.0
RVIQL,ring,755,1.0
RVIQL,ring,756,1.0
RVIQL,ring,757,1.0
RVIQL,ring,758,1.0
RVIQL,ring,759,1.0
RVIQL,ring,760,1.0
RVIQL,ring,761,1.0
RVIQL,ring,762,1.0
RVIQL,ring,763,1.0
RVIQL,ring,764,1.0
RVIQL,ring,765,1.0
RVIQL,ring,766,1.0
RVIQL,ring,767,1.0
RVIQL,ring,768,1.0
RVIQL,ring,769,1.0
RVIQL,ring,770,1.0
RVIQL,ring,771,1.0
RVIQL,ring,772,1.0
RVIQL,ring,773,1.0
RVIQL,ring,774,1.0
RVIQL,ring,775,1.0
RVIQL,ring,776,1.0
RVIQL,ring,777,1.0
RVIQL,ring,778,1.0
RVIQL,ring,779,1.0
RVIQL,ring,780,1.0
RVIQL,ring,781,1.0
RVIQL,ring,782,1.0
RVIQL,ring,783,1.0
RVIQL,ring,784,1.0
RVIQL,ring,785,1.0
RVIQL,ring,786,1.0
RVIQL,ring,787,1.0
RVIQL,ring,788,1.0
RVIQL,ring,789,1.0
RVIQL,ring,790,1.0
RVIQL,ring,791,1.0
RVIQL,ring,792,1.0
RVIQL,ring,793,1.0
RVIQL,ring,794,1.0
RVIQL,ring,795,1.0
RVIQL,ring,796,1.0
RVIQL,ring,797,1.0
RVIQL,ring,798,1.0
RVIQL,ring,799,1.0
RVIQL,ring,800,1.0
RVIQL,ring,801,1.0
RVIQL,ring,802,1.0
RVIQL,ring,803,1.0
RVIQL,ring,804,1.0
RVIQL,ring,805,1.0
RVIQL,ring,806,1.0
RVIQL,ring,807,1.0
RVIQL,ring,808,1.0
RVIQL,ring,809,1.0
RVIQL,ring,810,1.0
RVIQL,ring,811,1.0
RVIQL,ring,812,1.0
RVIQL,ring,813,1.0
RVIQL,ring,814,1.0
RVIQL,ring,815,1.0
RVIQL,ring,816,1.0
RVIQL,ring,817,1.0
RVIQL,ring,818,1.0
RVIQL,ring,819,1.0
RVIQL,ring,820,1.0
RVIQL,ring,821,1.0
RVIQL,ring,822,1.0
RVIQL,ring,823,1.0
RVIQL,ring,824,1.0
RVIQL,ring,825,1.0
RVIQL,ring,826,1.0
RVIQL,ring,827,1.0
RVIQL,ring,828,1.0
RVIQL,ring,829,1.0
RVIQL,ring,830,1.0
RVIQL,ring,831,1.0
RVIQL,ring,832,1.0
RVIQL,ring,833,1.0
RVIQL,ring,834,1.0
RVIQL,ring,835,1.0
RVIQL,ring,836,1.0
RVIQL,ring,837,1.0
RVIQL,ring,838,1.0
RVIQL,ring,839,1.0
RVIQL,ring,840,1.0
RVIQL,ring,841,1.0
RVIQL,ring,842,1.0
RVIQL,ring,843,1.0
RVIQL,ring,844,1.0
RVIQL,ring,845,1.0
RVIQL,ring,846,1.0
RVIQL,ring,847,1.0
RVIQL,ring,848,1.0
RVIQL,ring,849,1.0
RVIQL,ring,850,1.0
RVIQL,ring,851,1.0
RVIQL,ring,852,1.0
RVIQL,ring,853,1.0
RVIQL,ring,854,1.0
RVIQL,ring,855,1.0
RVIQL,ring,856,1.0
RVIQL,ring,857,1.0
RVIQL,ring,858,1.0
RVIQL,ring,859,1.0
RVIQL,ring,860,1.0
RVIQL,ring,861,1.0
RVIQL,ring,862,1.0
RVIQL,ring,863,1.0
RVIQL,ring,864,1.0
RVIQL,ring,865,1.0
RVIQL,ring,866,1.0
RVIQL,ring,867,1.0
RVIQL,ring,868,1.0
RVIQL,ring,869,1.0
RVIQL,ring,870,1.0
RVIQL,ring,871,1.0
RVIQL,ring,872,1.0
RVIQL,ring,873,1.0
RVIQL,ring,874,1.0
RVIQL,ring,875,1.0
RVIQL,ring,876,1.0
RVIQL,ring,877,1.0
RVIQL,ring,878,1.0
RVIQL,ring,879,1.0
RVIQL,ring,880,1.0
RVIQL,ring,881,1.0
RVIQL,ring,882,1.0
RVIQL,ring,883,1.0
RVIQL,ring,884,1.0
RVIQL,ring,885,1.0
RVIQL,ring,886,1.0
RVIQL,ring,887,1.0
RVIQL,ring,888,1.0
RVIQL,ring,889,1.0
RVIQL,ring,890,1.0
RVIQL,ring,891,1.0
RVIQL,ring,892,1.0
RVIQL,ring,893,1.0
RVIQL,ring,894,1.0
RVIQL,ring,895,1.0
RVIQL,ring,896,1.0
RVIQL,ring,897,1.0
RVIQL,ring,898,1.0
RVIQL,ring,899,1.0
RVIQL,ring,900,1.0
RVIQL,ring,901,1.0
RVIQL,ring,902,1.0
RVIQL,ring,903,1.0
RVIQL,ring,904,1.0
RVIQL,ring,905,1.0
RVIQL,ring,906,1.0
RVIQL,ring,907,1.0
RVIQL,ring,908,1.0
RVIQL,ring,909,1.0
RVIQL,ring,910,1.0
RVIQL,ring,911,1.0
RVIQL,ring,912,1.0
RVIQL,ring,913,1.0
RVIQL,ring,914,1.0
RVIQL,ring,915,1.0
RVIQL,ring,916,1.0
RVIQL,ring,917,1.0
RVIQL,ring,918,1.0
RVIQL,ring,919,1.0
RVIQL,ring,920,1.0
RVIQL,ring,921,1.0
RVIQL,ring,922,1.0
RVIQL,ring,923,1.0
RVIQL,ring,924,1.0
RVIQL,ring,925,1.0
RVIQL,ring,926,1.0
RVIQL,ring,927,1.0
RVIQL,ring,928,1.0
RVIQL,ring,929,1.0
RVIQL,ring,930,1.0
RVIQL,ring,931,1.0
RVIQL,ring,932,1.0
RVIQL,ring,933,1.0
RVIQL,ring,934,1.0
RVIQL,ring,935,1.0
RVIQL,ring,936,1.0
RVIQL,ring,937,1.0
RVIQL,ring,938,1.0
RVIQL,ring,939,1.0
RVIQL,ring,940,1.0
RVIQL,ring,941,1.0
RVIQL,ring,942,1.0
RVIQL,ring,943,1.0
RVIQL,ring,944,1.0
RVIQL,ring,945,1.0
RVIQL,ring,946,1.0
RVIQL,ring,947,1.0
RVIQL,ring,948,1.0
RVIQL,ring,949,1.0
RVIQL,ring,950,1.0
RVIQL,ring,951,1.0
RVIQL,ring,952,1.0
RVIQL,ring,953,1.0
RVIQL,ring,954,1.0
RVIQL,ring,955,1.0
RVIQL,ring,956,1.0
RVIQL,ring,957,1.0
RVIQL,ring,958,1.0
RVIQL,ring,959,1.0
RVIQL,ring,960,1.0
RVIQL,ring,961,1.0
RVIQL,ring,962,1.0
RVIQL,ring,963,1.0
RVIQL,ring,964,1.0
RVIQL,ring,965,1.0
RVIQL,ring,966,1.0
RVIQL,ring,967,1.0
RVIQL,ring,968,1.0
RVIQL,ring,969,1.0
RVIQL,ring,970,1.0
RVIQL,ring,971,1.0
RVIQL,ring,972,1.0
RVIQL,ring,973,1.0
RVIQL,ring,974,1.0
RVIQL,ring,975,1.0
RVIQL,ring,976,1.0
RVIQL,ring,977,1.0
RVIQL,ring,978,1.0
RVIQL,ring,979,1.0
RVIQL,ring,980,1.0
RVIQL,ring,981,1.0
RVIQL,ring,982,1.0
RVIQL,ring,983,1.0
RVIQL,ring,984,1.0
RVIQL,ring,985,1.0
RVIQL,ring,986,1.0
RVIQL,ring,987,1.0
RVIQL,ring,988,1.0
RVIQL,ring,989,1.0
RVIQL,ring,990,1.0
RVIQL,ring,991,1.0
RVIQL,ring,992,1.0
RVIQL,ring,993,1.0
RVIQL,ring,994,1.0
RVIQL,ring,995,1.0
RVIQL,ring,996,1.0
RVIQL,ring,997,1.0
RVIQL,ring,998,1.0
RVIQL,ring,999,1.0
